{
    "loss": 0.7385596036911011,
    "accuracy": 0.9120267033576965
}