{
    "loss": 0.40843895077705383,
    "accuracy": 0.940397322177887
}