{
    "loss": 0.0906752496957779,
    "accuracy": 0.9708737730979919
}